"rank","a00.name","a00","a05.name","a05","a10.name","a10","a15.name","a15"
1,"GEORGES GRUILLOT",100,"JEAN PAUL DELEVOYE",13.3515375537652,"PIERRE BIARNES",3.72727272727273,"PIERRE BIARNES",1.2526501288231
2,"CLAUDE HURIET",98,"LOUIS SOUVET",12.7593261787538,"ROGER BESSE",2.75320512820513,"MICHEL CHARASSE",1.02975086475908
3,"NICOLAS ABOUT",94,"PIERRE BIARNES",11.0905365064094,"JEAN PAUL DELEVOYE",2.12218517916192,"GEORGES BERCHET",1
4,"JEAN PAUL DELEVOYE",84,"MICHEL MOREIGNE",10.555973258235,"LOUIS SOUVET",2.11429096799782,"ROGER BESSE",0.932507286166035
5,"CLAUDE ESTIER",84,"PATRICE GELARD",10.4263901647457,"MICHEL CHARASSE",2.03947368421053,"ALAIN LAMBERT",0.707106781186548
6,"LOUIS SOUVET",77,"NICOLAS ABOUT",10.0060106981956,"JACQUES RICHARD DELONG",1.93809523809524,"DANIELE POURTAUD",0.707106781186548
7,"MICHEL MOREIGNE",76,"GEORGES GRUILLOT",10,"JEAN PIERRE FOURCADE",1.8859477124183,"BERTRAND DELANOE",0.577350269189626
8,"PATRICE GELARD",72,"CLAUDE HURIET",9.89949493661167,"PHILIPPE MARINI",1.73703703703704,"MARYSE BERGE LAVIGNE",0.525684875432398
9,"ALAIN VASSELLE",60,"PHILIPPE MARINI",9.59494465658677,"JEAN PIERRE CAMOIN",1.64166666666667,"JACQUES RICHARD DELONG",0.492608662226629
10,"GEORGES MOULY",55,"CLAUDE ESTIER",9.15146183575844,"YVON BOURGES",1.59444444444444,"MICHELLE DEMESSINE",0.477694029222945
11,"PHILIPPE MARINI",53,"JEAN PIERRE FOURCADE",9.10942914492479,"MICHEL ALLONCLE",1.57894736842105,"PAUL LORIDANT",0.465922976834745
12,"ALAIN DUFAUT",53,"ROGER BESSE",8.12877131409926,"PATRICE GELARD",1.50985572038204,"GUY FISCHER",0.456340403571386
13,"RENE TREGOUET",50,"RENE TREGOUET",8.01338166533242,"MARYSE BERGE LAVIGNE",1.49122807017544,"MICHEL ALLONCLE",0.455171100419806
14,"JEAN PIERRE FOURCADE",44,"ALAIN VASSELLE",7.74596669241483,"MICHELLE DEMESSINE",1.47279585724353,"YVON BOURGES",0.450193364567589
15,"HUBERT HAENEL",41,"JACQUES RICHARD DELONG",7.62514636861858,"MICHEL MOREIGNE",1.46616541353383,"JEAN PIERRE FOURCADE",0.390452433120625
16,"JOSEPH OSTERMANN",41,"GEORGES MOULY",7.41619848709566,"XAVIER DUGOIN",1.45967741935484,"JEAN PIERRE CAMOIN",0.384031494858442
17,"SERGE VINCON",39,"ALAIN DUFAUT",7.28010988928052,"PAUL LORIDANT",1.44850088183422,"CHARLES CUTTOLI",0.353553390593274
18,"BERNARD PLASAIT",39,"HUBERT HAENEL",7.10377535811939,"GUY FISCHER",1.42857142857143,"LOUIS SOUVET",0.350349715551652
19,"CHARLES DESCOURS",37,"JEAN PIERRE CAMOIN",7.0178344238091,"JEAN JACQUES HYEST",1.390625,"JACQUES GENTON",0.342042113065154
20,"JEAN CHERIOUX",35,"JEAN JACQUES HYEST",6.87613626973753,"RENE TREGOUET",1.28428571428571,"JEAN PAUL DELEVOYE",0.337314703757432
21,"JEAN JACQUES HYEST",34,"JOSEPH OSTERMANN",6.80948218435496,"HUBERT HAENEL",1.23082010582011,"GERARD CESAR",0.322711724520286
22,"PIERRE BIARNES",33,"XAVIER DUGOIN",6.72681202353686,"MARIE CLAUDE BEAUDEAU",1.22266313932981,"XAVIER DUGOIN",0.316741148871012
23,"JEAN MARC PASTOR",32,"SERGE VINCON",6.42826420156805,"ROBERT PAGES",1.17857142857143,"BERNARD BARBIER",0.316227766016838
24,"XAVIER DUGOIN",31,"BERNARD PLASAIT",6.2449979983984,"GERARD BRAUN",1.13571428571429,"PHILIPPE MARINI",0.314467438430412
25,"ALAIN JOYANDET",31,"CHARLES DESCOURS",6.08276253029822,"JOSEPH OSTERMANN",1.13095238095238,"MARIE CLAUDE BEAUDEAU",0.310158314963746
26,"JACQUES RICHARD DELONG",30,"YVON BOURGES",5.64702478203247,"IVAN RENAR",1.0952380952381,"IVAN RENAR",0.30633653385808
27,"JEAN PIERRE CAMOIN",30,"JEAN CHERIOUX",5.64164204819838,"NICOLAS ABOUT",1.06510904353622,"ALFRED FOY",0.301511344577764
28,"FRANCOIS GERBAUD",29,"ALAIN JOYANDET",5.56776436283002,"SERGE VINCON",1.05955334987593,"GERARD BRAUN",0.29354803141927
29,"ANDRE DULAIT",27,"MICHEL ALLONCLE",5.47722557505166,"ALAIN DUFAUT",1,"ROBERT PAGES",0.293533087259244
30,"CHARLES PASQUA",25,"FRANCOIS GERBAUD",5.3851648071345,"ALAIN JOYANDET",1,"MARTIAL TAUGOURDEAU",0.288675134594813
31,"ROGER BESSE",24,"ANDRE DULAIT",5.19615242270663,"ALAIN LAMBERT",1,"JEAN JACQUES HYEST",0.281239029414816
32,"JACQUES OUDIN",21,"JEAN MARC PASTOR",5.0179407568476,"ALAIN VASSELLE",1,"FRANCK SERUSCLAT",0.277350098112615
33,"YVON BOURGES",20,"CHARLES PASQUA",5,"ALFRED FOY",1,"CLAUDE BILLARD",0.267261241912424
34,"MICHEL ALLONCLE",19,"MARIE CLAUDE BEAUDEAU",4.8198132377994,"ANDRE DULAIT",1,"FELIX LEYZOUR",0.267261241912424
35,"MARIE CLAUDE BEAUDEAU",19,"ROBERT PAGES",4.73210916430054,"BERNARD BARBIER",1,"GUY POIRIEUX",0.265461260827759
36,"ROBERT PAGES",19,"MICHELLE DEMESSINE",4.54083054092635,"BERNARD PLASAIT",1,"PATRICE GELARD",0.21864367823856
37,"HELENE LUC",19,"PAUL LORIDANT",4.50322244017315,"BERTRAND DELANOE",1,"HELENE LUC",0.215902415782466
38,"LOUIS MINETTI",19,"GUY FISCHER",4.47213595499958,"CHARLES CUTTOLI",1,"HUBERT HAENEL",0.213255354585434
39,"GERARD BRAUN",17,"GERARD BRAUN",4.39398940111863,"CHARLES PASQUA",1,"RENE TREGOUET",0.20582943191811
40,"MICHELLE DEMESSINE",14,"JACQUES OUDIN",4.38748219369606,"CLAUDE BILLARD",1,"MICHEL MOREIGNE",0.203642143387002
41,"PAUL LORIDANT",14,"HELENE LUC",4.27157695224781,"CLAUDE HURIET",1,"CHARLES PASQUA",0.2
42,"GUY FISCHER",14,"MARYSE BERGE LAVIGNE",4.23021711524424,"DANIELE POURTAUD",1,"ANDRE DULAIT",0.192450089729875
43,"IVAN RENAR",14,"MICHEL CHARASSE",4.03928081144208,"FELIX LEYZOUR",1,"JACQUES OUDIN",0.191517079883558
44,"CLAUDE BILLARD",14,"IVAN RENAR",3.91578004149024,"FRANCK SERUSCLAT",1,"JEAN LUC BECART",0.188000111876395
45,"FELIX LEYZOUR",14,"LOUIS MINETTI",3.77911820331643,"FRANCOIS GERBAUD",1,"JOSEPH OSTERMANN",0.187834148523148
46,"JEAN LUC BECART",14,"CLAUDE BILLARD",3.74165738677394,"GEORGES BERCHET",1,"FRANCOIS GERBAUD",0.185695338177052
47,"ROBERT VIZET",14,"FELIX LEYZOUR",3.74165738677394,"GEORGES GRUILLOT",1,"ALAIN JOYANDET",0.179605302026775
48,"FRANCK SERUSCLAT",13,"FRANCK SERUSCLAT",3.60555127546399,"GEORGES MOULY",1,"SERGE VINCON",0.174643304324588
49,"MARYSE BERGE LAVIGNE",12,"MARTIAL TAUGOURDEAU",3.46410161513775,"MARTIAL TAUGOURDEAU",1,"YVES GUENA",0.169066062038877
50,"MARTIAL TAUGOURDEAU",12,"JEAN LUC BECART",3.32765320640072,"CHARLES DESCOURS",1,"ROBERT VIZET",0.167428631208384
51,"YVES GUENA",12,"ALFRED FOY",3.3166247903554,"CLAUDE ESTIER",0.997014925373134,"CHARLES DESCOURS",0.164398987305357
52,"ALFRED FOY",11,"ROBERT VIZET",3.20156211871642,"JACQUES GENTON",0.978174603174603,"BERNARD PLASAIT",0.160128153805087
53,"BERNARD BARBIER",10,"BERNARD BARBIER",3.16227766016838,"HELENE LUC",0.960335245209195,"LOUIS MINETTI",0.149507929157079
54,"PHILIPPE RICHERT",10,"YVES GUENA",2.89827534923789,"JACQUES OUDIN",0.916666666666667,"JEAN CHERIOUX",0.146581949645154
55,"MICHEL CHARASSE",8,"CHARLES CUTTOLI",2.82842712474619,"JEAN CHERIOUX",0.909375,"ALAIN DUFAUT",0.137360563948689
56,"CHARLES CUTTOLI",8,"JACQUES GENTON",2.79739107480467,"GERARD CESAR",0.9,"GEORGES MOULY",0.134839972492648
57,"JACQUES GENTON",8,"GERARD CESAR",2.50998007960223,"JEAN LUC BECART",0.790948275862069,"ALAIN VASSELLE",0.129099444873581
58,"JACQUES LARCHE",8,"PHILIPPE RICHERT",1.93061459832685,"JEAN MARC PASTOR",0.786866544976008,"JEAN MARC PASTOR",0.123389053319843
59,"JEAN PIERRE CANTEGRIT",8,"JACQUES LARCHE",1.87971629064956,"LOUIS MINETTI",0.751670231296717,"NICOLAS ABOUT",0.113377579620939
60,"GERARD CESAR",7,"BERTRAND DELANOE",1.73205080756888,"ROBERT VIZET",0.732142857142857,"CLAUDE ESTIER",0.108620762371831
61,"RENE REGNAULT",7,"JEAN PIERRE CANTEGRIT",1.44575104303313,"YVES GUENA",0.7,"JACQUES LARCHE",0.103776003546278
62,"YVON COLLIN",7,"ALAIN LAMBERT",1.4142135623731,"GUY POIRIEUX",0.520408163265306,"CLAUDE HURIET",0.101015254455221
63,"MAURICE BLIN",5,"DANIELE POURTAUD",1.4142135623731,"JACQUES LARCHE",0.441666666666667,"GEORGES GRUILLOT",0.1
64,"PHILIPPE DARNICHE",4,"MAURICE BLIN",1.14707866935281,"PHILIPPE RICHERT",0.372727272727273,"PHILIPPE RICHERT",0.0719592713921824
65,"BERTRAND DELANOE",3,"GUY POIRIEUX",1.02020406122041,"MAURICE BLIN",0.263157894736842,"MAURICE BLIN",0.0603725615448847
66,"JOSE BALARELLO",3,"GEORGES BERCHET",1,"JEAN PIERRE CANTEGRIT",0.261274509803922,"JEAN PIERRE CANTEGRIT",0.0472172368833736
67,"SERGE MATHIEU",3,"RENE REGNAULT",0.989949493661167,"JOSE BALARELLO",0.170634920634921,"JOSE BALARELLO",0.0406950179929843
68,"MICHEL MERCIER",3,"YVON COLLIN",0.924962461700774,"RENE REGNAULT",0.14,"MARCEL BONY",0.0336778860338641
69,"ALAIN LAMBERT",2,"JOSE BALARELLO",0.715475200062701,"MARCEL BONY",0.131393298059965,"RENE REGNAULT",0.0197989898732233
70,"DANIELE POURTAUD",2,"PHILIPPE DARNICHE",0.535181981279658,"YVON COLLIN",0.122222222222222,"YVON COLLIN",0.0161501382201722
71,"GUY POIRIEUX",2,"MARCEL BONY",0.512627151173179,"SERGE MATHIEU",0.0769230769230769,"SERGE MATHIEU",0.012317550292699
72,"MARCEL BONY",2,"SERGE MATHIEU",0.480384461415261,"PHILIPPE DARNICHE",0.0716049382716049,"PHILIPPE DARNICHE",0.00958041818340128
73,"MICHEL DREYFUS SCHMIDT",2,"MICHEL MERCIER",0.344123600805843,"MICHEL MERCIER",0.0394736842105263,"JEAN PHILIPPE LACHENAUD",0.00608580619450185
74,"MONIQUE CERISIER BEN GUIGA",2,"MICHEL DREYFUS SCHMIDT",0.229415733870562,"JEAN PHILIPPE LACHENAUD",0.0333333333333333,"JEAN BERNADAUX",0.00482945288416295
75,"GEORGES BERCHET",1,"JEAN PHILIPPE LACHENAUD",0.182574185835055,"JEAN BERNADAUX",0.0285714285714286,"MICHEL MERCIER",0.00452794211586635
76,"JEAN PHILIPPE LACHENAUD",1,"JEAN BERNADAUX",0.169030850945703,"MICHEL DREYFUS SCHMIDT",0.0263157894736842,"ROLAND COURTEAU",0.00410585009756634
77,"JEAN BERNADAUX",1,"MONIQUE CERISIER BEN GUIGA",0.163644193689417,"ROLAND COURTEAU",0.0256410256410256,"MICHEL DREYFUS SCHMIDT",0.00301862807724423
78,"ROLAND COURTEAU",1,"ROLAND COURTEAU",0.160128153805087,"PIERRE LAFFITTE",0.02,"PIERRE LAFFITTE",0.00282842712474619
79,"PIERRE LAFFITTE",1,"PIERRE LAFFITTE",0.14142135623731,"PIERRE LAGOURGUE",0.02,"PIERRE LAGOURGUE",0.00282842712474619
80,"PIERRE LAGOURGUE",1,"PIERRE LAGOURGUE",0.14142135623731,"MONIQUE CERISIER BEN GUIGA",0.0133897110641297,"MONIQUE CERISIER BEN GUIGA",0.00109557423541188
81,"HENRI REVOL",1,"HENRI REVOL",0.0962250448649376,"HENRI REVOL",0.00925925925925926,"HENRI REVOL",0.000890972637638311
82,"ADRIEN GOUTEYRON",0,"ADRIEN GOUTEYRON",0,"ADRIEN GOUTEYRON",0,"ADRIEN GOUTEYRON",0
83,"ALAIN GERARD",0,"ALAIN GERARD",0,"ALAIN GERARD",0,"ALAIN GERARD",0
84,"ALAIN GOURNAC",0,"ALAIN GOURNAC",0,"ALAIN GOURNAC",0,"ALAIN GOURNAC",0
85,"ALAIN PEYREFITTE",0,"ALAIN PEYREFITTE",0,"ALAIN PEYREFITTE",0,"ALAIN PEYREFITTE",0
86,"ALAIN PLUCHET",0,"ALAIN PLUCHET",0,"ALAIN PLUCHET",0,"ALAIN PLUCHET",0
87,"ALAIN RICHARD",0,"ALAIN RICHARD",0,"ALAIN RICHARD",0,"ALAIN RICHARD",0
88,"ALBERT PEN",0,"ALBERT PEN",0,"ALBERT PEN",0,"ALBERT PEN",0
89,"ALBERT VECTEN",0,"ALBERT VECTEN",0,"ALBERT VECTEN",0,"ALBERT VECTEN",0
90,"ALEX TURK",0,"ALEX TURK",0,"ALEX TURK",0,"ALEX TURK",0
91,"ALPHONSE ARZEL",0,"ALPHONSE ARZEL",0,"ALPHONSE ARZEL",0,"ALPHONSE ARZEL",0
92,"AMBROISE DUPONT",0,"AMBROISE DUPONT",0,"AMBROISE DUPONT",0,"AMBROISE DUPONT",0
93,"ANDRE BOHL",0,"ANDRE BOHL",0,"ANDRE BOHL",0,"ANDRE BOHL",0
94,"ANDRE BOYER",0,"ANDRE BOYER",0,"ANDRE BOYER",0,"ANDRE BOYER",0
95,"ANDRE DILIGENT",0,"ANDRE DILIGENT",0,"ANDRE DILIGENT",0,"ANDRE DILIGENT",0
96,"ANDRE EGU",0,"ANDRE EGU",0,"ANDRE EGU",0,"ANDRE EGU",0
97,"ANDRE JARROT",0,"ANDRE JARROT",0,"ANDRE JARROT",0,"ANDRE JARROT",0
98,"ANDRE JOURDAIN",0,"ANDRE JOURDAIN",0,"ANDRE JOURDAIN",0,"ANDRE JOURDAIN",0
99,"ANDRE MAMAN",0,"ANDRE MAMAN",0,"ANDRE MAMAN",0,"ANDRE MAMAN",0
100,"ANDRE POURNY",0,"ANDRE POURNY",0,"ANDRE POURNY",0,"ANDRE POURNY",0
101,"ANDRE ROUVIERE",0,"ANDRE ROUVIERE",0,"ANDRE ROUVIERE",0,"ANDRE ROUVIERE",0
102,"ANDRE VEZINHET",0,"ANDRE VEZINHET",0,"ANDRE VEZINHET",0,"ANDRE VEZINHET",0
103,"ANNE HEINIS",0,"ANNE HEINIS",0,"ANNE HEINIS",0,"ANNE HEINIS",0
104,"ANNICK BOCANDE",0,"ANNICK BOCANDE",0,"ANNICK BOCANDE",0,"ANNICK BOCANDE",0
105,"AUBERT GARCIA",0,"AUBERT GARCIA",0,"AUBERT GARCIA",0,"AUBERT GARCIA",0
106,"AUGUSTE CAZALET",0,"AUGUSTE CAZALET",0,"AUGUSTE CAZALET",0,"AUGUSTE CAZALET",0
107,"BERNARD BARRAUX",0,"BERNARD BARRAUX",0,"BERNARD BARRAUX",0,"BERNARD BARRAUX",0
108,"BERNARD DUSSAUT",0,"BERNARD DUSSAUT",0,"BERNARD DUSSAUT",0,"BERNARD DUSSAUT",0
109,"BERNARD HUGO",0,"BERNARD HUGO",0,"BERNARD HUGO",0,"BERNARD HUGO",0
110,"BERNARD JOLY",0,"BERNARD JOLY",0,"BERNARD JOLY",0,"BERNARD JOLY",0
111,"BERNARD PELLARIN",0,"BERNARD PELLARIN",0,"BERNARD PELLARIN",0,"BERNARD PELLARIN",0
112,"BERNARD PIRAS",0,"BERNARD PIRAS",0,"BERNARD PIRAS",0,"BERNARD PIRAS",0
113,"BERNARD SEILLIER",0,"BERNARD SEILLIER",0,"BERNARD SEILLIER",0,"BERNARD SEILLIER",0
114,"CAMILLE CABANA",0,"CAMILLE CABANA",0,"CAMILLE CABANA",0,"CAMILLE CABANA",0
115,"CHARLES CECCALDI RAYNAUD",0,"CHARLES CECCALDI RAYNAUD",0,"CHARLES CECCALDI RAYNAUD",0,"CHARLES CECCALDI RAYNAUD",0
116,"CHARLES GINESY",0,"CHARLES GINESY",0,"CHARLES GINESY",0,"CHARLES GINESY",0
117,"CHARLES HENRI COSSE BRISSAC",0,"CHARLES HENRI COSSE BRISSAC",0,"CHARLES HENRI COSSE BRISSAC",0,"CHARLES HENRI COSSE BRISSAC",0
118,"CHARLES JOLIBOIS",0,"CHARLES JOLIBOIS",0,"CHARLES JOLIBOIS",0,"CHARLES JOLIBOIS",0
119,"CHARLES LEDERMAN",0,"CHARLES LEDERMAN",0,"CHARLES LEDERMAN",0,"CHARLES LEDERMAN",0
120,"CHARLES METZINGER",0,"CHARLES METZINGER",0,"CHARLES METZINGER",0,"CHARLES METZINGER",0
121,"CHARLES PELLETIER",0,"CHARLES PELLETIER",0,"CHARLES PELLETIER",0,"CHARLES PELLETIER",0
122,"CHRISTIAN BONNET",0,"CHRISTIAN BONNET",0,"CHRISTIAN BONNET",0,"CHRISTIAN BONNET",0
123,"CHRISTIAN DEMUYNCK",0,"CHRISTIAN DEMUYNCK",0,"CHRISTIAN DEMUYNCK",0,"CHRISTIAN DEMUYNCK",0
124,"CHRISTIAN LA MALENE",0,"CHRISTIAN LA MALENE",0,"CHRISTIAN LA MALENE",0,"CHRISTIAN LA MALENE",0
125,"CHRISTIAN PONCELET",0,"CHRISTIAN PONCELET",0,"CHRISTIAN PONCELET",0,"CHRISTIAN PONCELET",0
126,"CLAUDE BELOT",0,"CLAUDE BELOT",0,"CLAUDE BELOT",0,"CLAUDE BELOT",0
127,"CLAUDE CORNAC",0,"CLAUDE CORNAC",0,"CLAUDE CORNAC",0,"CLAUDE CORNAC",0
128,"CLAUDE FUZIER",0,"CLAUDE FUZIER",0,"CLAUDE FUZIER",0,"CLAUDE FUZIER",0
129,"CLAUDE HAUT",0,"CLAUDE HAUT",0,"CLAUDE HAUT",0,"CLAUDE HAUT",0
130,"CLAUDE LISE",0,"CLAUDE LISE",0,"CLAUDE LISE",0,"CLAUDE LISE",0
131,"CLAUDE PRADILLE",0,"CLAUDE PRADILLE",0,"CLAUDE PRADILLE",0,"CLAUDE PRADILLE",0
132,"CLAUDE SAUNIER",0,"CLAUDE SAUNIER",0,"CLAUDE SAUNIER",0,"CLAUDE SAUNIER",0
133,"DANIEL BERNARDET",0,"DANIEL BERNARDET",0,"DANIEL BERNARDET",0,"DANIEL BERNARDET",0
134,"DANIEL ECKENSPIELLER",0,"DANIEL ECKENSPIELLER",0,"DANIEL ECKENSPIELLER",0,"DANIEL ECKENSPIELLER",0
135,"DANIEL GOULET",0,"DANIEL GOULET",0,"DANIEL GOULET",0,"DANIEL GOULET",0
136,"DANIEL HOEFFEL",0,"DANIEL HOEFFEL",0,"DANIEL HOEFFEL",0,"DANIEL HOEFFEL",0
137,"DANIEL MILLAUD",0,"DANIEL MILLAUD",0,"DANIEL MILLAUD",0,"DANIEL MILLAUD",0
138,"DANIEL PERCHERON",0,"DANIEL PERCHERON",0,"DANIEL PERCHERON",0,"DANIEL PERCHERON",0
139,"DANIELLE BIDARD REYDET",0,"DANIELLE BIDARD REYDET",0,"DANIELLE BIDARD REYDET",0,"DANIELLE BIDARD REYDET",0
140,"DENIS BADRE",0,"DENIS BADRE",0,"DENIS BADRE",0,"DENIS BADRE",0
141,"DESIRE DEBAVELAERE",0,"DESIRE DEBAVELAERE",0,"DESIRE DEBAVELAERE",0,"DESIRE DEBAVELAERE",0
142,"DIDIER BOROTRA",0,"DIDIER BOROTRA",0,"DIDIER BOROTRA",0,"DIDIER BOROTRA",0
143,"DOMINIQUE BRAYE",0,"DOMINIQUE BRAYE",0,"DOMINIQUE BRAYE",0,"DOMINIQUE BRAYE",0
144,"DOMINIQUE LARIFLA",0,"DOMINIQUE LARIFLA",0,"DOMINIQUE LARIFLA",0,"DOMINIQUE LARIFLA",0
145,"DOMINIQUE LECLERC",0,"DOMINIQUE LECLERC",0,"DOMINIQUE LECLERC",0,"DOMINIQUE LECLERC",0
146,"EDMOND LAURET",0,"EDMOND LAURET",0,"EDMOND LAURET",0,"EDMOND LAURET",0
147,"EDOUARD JEUNE",0,"EDOUARD JEUNE",0,"EDOUARD JEUNE",0,"EDOUARD JEUNE",0
148,"EMMANUEL HAMEL",0,"EMMANUEL HAMEL",0,"EMMANUEL HAMEL",0,"EMMANUEL HAMEL",0
149,"ERIC BOYER",0,"ERIC BOYER",0,"ERIC BOYER",0,"ERIC BOYER",0
150,"FERDINAND ROCCA SERRA LOUIS",0,"FERDINAND ROCCA SERRA LOUIS",0,"FERDINAND ROCCA SERRA LOUIS",0,"FERDINAND ROCCA SERRA LOUIS",0
151,"FERNAND DEMILLY",0,"FERNAND DEMILLY",0,"FERNAND DEMILLY",0,"FERNAND DEMILLY",0
152,"FERNAND TARDY",0,"FERNAND TARDY",0,"FERNAND TARDY",0,"FERNAND TARDY",0
153,"FRANCIS CAVALIER BENEZET",0,"FRANCIS CAVALIER BENEZET",0,"FRANCIS CAVALIER BENEZET",0,"FRANCIS CAVALIER BENEZET",0
154,"FRANCIS GRIGNON",0,"FRANCIS GRIGNON",0,"FRANCIS GRIGNON",0,"FRANCIS GRIGNON",0
155,"FRANCOIS AUTAIN",0,"FRANCOIS AUTAIN",0,"FRANCOIS AUTAIN",0,"FRANCOIS AUTAIN",0
156,"FRANCOIS BLAIZOT",0,"FRANCOIS BLAIZOT",0,"FRANCOIS BLAIZOT",0,"FRANCOIS BLAIZOT",0
157,"FRANCOIS DELGA",0,"FRANCOIS DELGA",0,"FRANCOIS DELGA",0,"FRANCOIS DELGA",0
158,"FRANCOIS GIACOBBI",0,"FRANCOIS GIACOBBI",0,"FRANCOIS GIACOBBI",0,"FRANCOIS GIACOBBI",0
159,"FRANCOIS LESEIN",0,"FRANCOIS LESEIN",0,"FRANCOIS LESEIN",0,"FRANCOIS LESEIN",0
160,"FRANCOIS LOUISY",0,"FRANCOIS LOUISY",0,"FRANCOIS LOUISY",0,"FRANCOIS LOUISY",0
161,"FRANCOIS MATHIEU",0,"FRANCOIS MATHIEU",0,"FRANCOIS MATHIEU",0,"FRANCOIS MATHIEU",0
162,"FRANCOIS TRUCY",0,"FRANCOIS TRUCY",0,"FRANCOIS TRUCY",0,"FRANCOIS TRUCY",0
163,"FRANCOISE SELIGMANN",0,"FRANCOISE SELIGMANN",0,"FRANCOISE SELIGMANN",0,"FRANCOISE SELIGMANN",0
164,"GEORGES DESSAIGNE",0,"GEORGES DESSAIGNE",0,"GEORGES DESSAIGNE",0,"GEORGES DESSAIGNE",0
165,"GEORGES MAZARS",0,"GEORGES MAZARS",0,"GEORGES MAZARS",0,"GEORGES MAZARS",0
166,"GERARD DELFAU",0,"GERARD DELFAU",0,"GERARD DELFAU",0,"GERARD DELFAU",0
167,"GERARD GAUD",0,"GERARD GAUD",0,"GERARD GAUD",0,"GERARD GAUD",0
168,"GERARD LARCHER",0,"GERARD LARCHER",0,"GERARD LARCHER",0,"GERARD LARCHER",0
169,"GERARD MIQUEL",0,"GERARD MIQUEL",0,"GERARD MIQUEL",0,"GERARD MIQUEL",0
170,"GERARD ROUJAS",0,"GERARD ROUJAS",0,"GERARD ROUJAS",0,"GERARD ROUJAS",0
171,"GERMAIN AUTHIE",0,"GERMAIN AUTHIE",0,"GERMAIN AUTHIE",0,"GERMAIN AUTHIE",0
172,"GILBERT CHABROUX",0,"GILBERT CHABROUX",0,"GILBERT CHABROUX",0,"GILBERT CHABROUX",0
173,"GISELE PRINTZ",0,"GISELE PRINTZ",0,"GISELE PRINTZ",0,"GISELE PRINTZ",0
174,"GUY ALLOUCHE",0,"GUY ALLOUCHE",0,"GUY ALLOUCHE",0,"GUY ALLOUCHE",0
175,"GUY BESSE",0,"GUY BESSE",0,"GUY BESSE",0,"GUY BESSE",0
176,"GUY LEGUEVAQUES",0,"GUY LEGUEVAQUES",0,"GUY LEGUEVAQUES",0,"GUY LEGUEVAQUES",0
177,"GUY LEMAIRE",0,"GUY LEMAIRE",0,"GUY LEMAIRE",0,"GUY LEMAIRE",0
178,"GUY PENNE",0,"GUY PENNE",0,"GUY PENNE",0,"GUY PENNE",0
179,"GUY PIERRE CABANEL",0,"GUY PIERRE CABANEL",0,"GUY PIERRE CABANEL",0,"GUY PIERRE CABANEL",0
180,"GUY ROBERT",0,"GUY ROBERT",0,"GUY ROBERT",0,"GUY ROBERT",0
181,"HELENE MISSOFFE",0,"HELENE MISSOFFE",0,"HELENE MISSOFFE",0,"HELENE MISSOFFE",0
182,"HENRI BANGOU",0,"HENRI BANGOU",0,"HENRI BANGOU",0,"HENRI BANGOU",0
183,"HENRI BELCOUR",0,"HENRI BELCOUR",0,"HENRI BELCOUR",0,"HENRI BELCOUR",0
184,"HENRI BRETON",0,"HENRI BRETON",0,"HENRI BRETON",0,"HENRI BRETON",0
185,"HENRI COLLARD",0,"HENRI COLLARD",0,"HENRI COLLARD",0,"HENRI COLLARD",0
186,"HENRI RAINCOURT",0,"HENRI RAINCOURT",0,"HENRI RAINCOURT",0,"HENRI RAINCOURT",0
187,"HENRI WEBER",0,"HENRI WEBER",0,"HENRI WEBER",0,"HENRI WEBER",0
188,"HILAIRE FLANDRE",0,"HILAIRE FLANDRE",0,"HILAIRE FLANDRE",0,"HILAIRE FLANDRE",0
189,"HONORE BAILET",0,"HONORE BAILET",0,"HONORE BAILET",0,"HONORE BAILET",0
190,"HUBERT DURAND CHASTEL",0,"HUBERT DURAND CHASTEL",0,"HUBERT DURAND CHASTEL",0,"HUBERT DURAND CHASTEL",0
191,"HUBERT FALCO",0,"HUBERT FALCO",0,"HUBERT FALCO",0,"HUBERT FALCO",0
192,"JACK RALITE",0,"JACK RALITE",0,"JACK RALITE",0,"JACK RALITE",0
193,"JACQUELINE FRAYSSE CAZALIS",0,"JACQUELINE FRAYSSE CAZALIS",0,"JACQUELINE FRAYSSE CAZALIS",0,"JACQUELINE FRAYSSE CAZALIS",0
194,"JACQUES BAUDOT",0,"JACQUES BAUDOT",0,"JACQUES BAUDOT",0,"JACQUES BAUDOT",0
195,"JACQUES BELLANGER",0,"JACQUES BELLANGER",0,"JACQUES BELLANGER",0,"JACQUES BELLANGER",0
196,"JACQUES BERARD",0,"JACQUES BERARD",0,"JACQUES BERARD",0,"JACQUES BERARD",0
197,"JACQUES BIALSKI",0,"JACQUES BIALSKI",0,"JACQUES BIALSKI",0,"JACQUES BIALSKI",0
198,"JACQUES BIMBENET",0,"JACQUES BIMBENET",0,"JACQUES BIMBENET",0,"JACQUES BIMBENET",0
199,"JACQUES BRACONNIER",0,"JACQUES BRACONNIER",0,"JACQUES BRACONNIER",0,"JACQUES BRACONNIER",0
200,"JACQUES CARAT",0,"JACQUES CARAT",0,"JACQUES CARAT",0,"JACQUES CARAT",0
201,"JACQUES CHAUMONT",0,"JACQUES CHAUMONT",0,"JACQUES CHAUMONT",0,"JACQUES CHAUMONT",0
202,"JACQUES DOMINATI",0,"JACQUES DOMINATI",0,"JACQUES DOMINATI",0,"JACQUES DOMINATI",0
203,"JACQUES HABERT",0,"JACQUES HABERT",0,"JACQUES HABERT",0,"JACQUES HABERT",0
204,"JACQUES LEGENDRE",0,"JACQUES LEGENDRE",0,"JACQUES LEGENDRE",0,"JACQUES LEGENDRE",0
205,"JACQUES MACHET",0,"JACQUES MACHET",0,"JACQUES MACHET",0,"JACQUES MACHET",0
206,"JACQUES MAHEAS",0,"JACQUES MAHEAS",0,"JACQUES MAHEAS",0,"JACQUES MAHEAS",0
207,"JACQUES MENOU",0,"JACQUES MENOU",0,"JACQUES MENOU",0,"JACQUES MENOU",0
208,"JACQUES ROCCA SERRA",0,"JACQUES ROCCA SERRA",0,"JACQUES ROCCA SERRA",0,"JACQUES ROCCA SERRA",0
209,"JACQUES VALADE",0,"JACQUES VALADE",0,"JACQUES VALADE",0,"JACQUES VALADE",0
210,"JAMES BORDAS",0,"JAMES BORDAS",0,"JAMES BORDAS",0,"JAMES BORDAS",0
211,"JANINE BARDOU",0,"JANINE BARDOU",0,"JANINE BARDOU",0,"JANINE BARDOU",0
212,"JEAN BERNARD",0,"JEAN BERNARD",0,"JEAN BERNARD",0,"JEAN BERNARD",0
213,"JEAN BESSON",0,"JEAN BESSON",0,"JEAN BESSON",0,"JEAN BESSON",0
214,"JEAN BIZET",0,"JEAN BIZET",0,"JEAN BIZET",0,"JEAN BIZET",0
215,"JEAN BOYER ISERE",0,"JEAN BOYER ISERE",0,"JEAN BOYER ISERE",0,"JEAN BOYER ISERE",0
216,"JEAN CHAMANT",0,"JEAN CHAMANT",0,"JEAN CHAMANT",0,"JEAN CHAMANT",0
217,"JEAN CLAUDE CARLE",0,"JEAN CLAUDE CARLE",0,"JEAN CLAUDE CARLE",0,"JEAN CLAUDE CARLE",0
218,"JEAN CLAUDE GAUDIN",0,"JEAN CLAUDE GAUDIN",0,"JEAN CLAUDE GAUDIN",0,"JEAN CLAUDE GAUDIN",0
219,"JEAN CLAUDE PEYRONNET",0,"JEAN CLAUDE PEYRONNET",0,"JEAN CLAUDE PEYRONNET",0,"JEAN CLAUDE PEYRONNET",0
220,"JEAN CLOUET",0,"JEAN CLOUET",0,"JEAN CLOUET",0,"JEAN CLOUET",0
221,"JEAN CLUZEL",0,"JEAN CLUZEL",0,"JEAN CLUZEL",0,"JEAN CLUZEL",0
222,"JEAN DELANEAU",0,"JEAN DELANEAU",0,"JEAN DELANEAU",0,"JEAN DELANEAU",0
223,"JEAN DUMONT",0,"JEAN DUMONT",0,"JEAN DUMONT",0,"JEAN DUMONT",0
224,"JEAN FAURE",0,"JEAN FAURE",0,"JEAN FAURE",0,"JEAN FAURE",0
225,"JEAN FRANCOIS GRAND",0,"JEAN FRANCOIS GRAND",0,"JEAN FRANCOIS GRAND",0,"JEAN FRANCOIS GRAND",0
226,"JEAN GARCIA",0,"JEAN GARCIA",0,"JEAN GARCIA",0,"JEAN GARCIA",0
227,"JEAN GRANDON",0,"JEAN GRANDON",0,"JEAN GRANDON",0,"JEAN GRANDON",0
228,"JEAN HUCHON",0,"JEAN HUCHON",0,"JEAN HUCHON",0,"JEAN HUCHON",0
229,"JEAN JACQUES ROBERT",0,"JEAN JACQUES ROBERT",0,"JEAN JACQUES ROBERT",0,"JEAN JACQUES ROBERT",0
230,"JEAN LOUIS CARRERE",0,"JEAN LOUIS CARRERE",0,"JEAN LOUIS CARRERE",0,"JEAN LOUIS CARRERE",0
231,"JEAN LOUIS LORRAIN",0,"JEAN LOUIS LORRAIN",0,"JEAN LOUIS LORRAIN",0,"JEAN LOUIS LORRAIN",0
232,"JEAN LUC MELENCHON",0,"JEAN LUC MELENCHON",0,"JEAN LUC MELENCHON",0,"JEAN LUC MELENCHON",0
233,"JEAN MADELAIN",0,"JEAN MADELAIN",0,"JEAN MADELAIN",0,"JEAN MADELAIN",0
234,"JEAN MARIE POIRIER",0,"JEAN MARIE POIRIER",0,"JEAN MARIE POIRIER",0,"JEAN MARIE POIRIER",0
235,"JEAN MARIE RAUSCH",0,"JEAN MARIE RAUSCH",0,"JEAN MARIE RAUSCH",0,"JEAN MARIE RAUSCH",0
236,"JEAN MICHEL BAYLET",0,"JEAN MICHEL BAYLET",0,"JEAN MICHEL BAYLET",0,"JEAN MICHEL BAYLET",0
237,"JEAN PATRICK COURTOIS",0,"JEAN PATRICK COURTOIS",0,"JEAN PATRICK COURTOIS",0,"JEAN PATRICK COURTOIS",0
238,"JEAN PAUL AMOUDRY",0,"JEAN PAUL AMOUDRY",0,"JEAN PAUL AMOUDRY",0,"JEAN PAUL AMOUDRY",0
239,"JEAN PAUL EMIN",0,"JEAN PAUL EMIN",0,"JEAN PAUL EMIN",0,"JEAN PAUL EMIN",0
240,"JEAN PAUL EMORINE",0,"JEAN PAUL EMORINE",0,"JEAN PAUL EMORINE",0,"JEAN PAUL EMORINE",0
241,"JEAN PAUL HAMMANN",0,"JEAN PAUL HAMMANN",0,"JEAN PAUL HAMMANN",0,"JEAN PAUL HAMMANN",0
242,"JEAN PAUL HUGOT",0,"JEAN PAUL HUGOT",0,"JEAN PAUL HUGOT",0,"JEAN PAUL HUGOT",0
243,"JEAN PEPIN",0,"JEAN PEPIN",0,"JEAN PEPIN",0,"JEAN PEPIN",0
244,"JEAN PEYRAFITTE",0,"JEAN PEYRAFITTE",0,"JEAN PEYRAFITTE",0,"JEAN PEYRAFITTE",0
245,"JEAN PIERRE DEMERLIAT",0,"JEAN PIERRE DEMERLIAT",0,"JEAN PIERRE DEMERLIAT",0,"JEAN PIERRE DEMERLIAT",0
246,"JEAN PIERRE LAFOND",0,"JEAN PIERRE LAFOND",0,"JEAN PIERRE LAFOND",0,"JEAN PIERRE LAFOND",0
247,"JEAN PIERRE MASSERET",0,"JEAN PIERRE MASSERET",0,"JEAN PIERRE MASSERET",0,"JEAN PIERRE MASSERET",0
248,"JEAN PIERRE SCHOSTECK",0,"JEAN PIERRE SCHOSTECK",0,"JEAN PIERRE SCHOSTECK",0,"JEAN PIERRE SCHOSTECK",0
249,"JEAN PIERRE TIZON",0,"JEAN PIERRE TIZON",0,"JEAN PIERRE TIZON",0,"JEAN PIERRE TIZON",0
250,"JEAN PIERRE VIAL",0,"JEAN PIERRE VIAL",0,"JEAN PIERRE VIAL",0,"JEAN PIERRE VIAL",0
251,"JEAN POURCHET",0,"JEAN POURCHET",0,"JEAN POURCHET",0,"JEAN POURCHET",0
252,"JEAN PUECH",0,"JEAN PUECH",0,"JEAN PUECH",0,"JEAN PUECH",0
253,"JEAN ROGER",0,"JEAN ROGER",0,"JEAN ROGER",0,"JEAN ROGER",0
254,"JOEL BOURDIN",0,"JOEL BOURDIN",0,"JOEL BOURDIN",0,"JOEL BOURDIN",0
255,"JOELLE DUSSEAU",0,"JOELLE DUSSEAU",0,"JOELLE DUSSEAU",0,"JOELLE DUSSEAU",0
256,"JOSETTE DURRIEU",0,"JOSETTE DURRIEU",0,"JOSETTE DURRIEU",0,"JOSETTE DURRIEU",0
257,"JOSSELIN ROHAN",0,"JOSSELIN ROHAN",0,"JOSSELIN ROHAN",0,"JOSSELIN ROHAN",0
258,"KLEBER MALECOT",0,"KLEBER MALECOT",0,"KLEBER MALECOT",0,"KLEBER MALECOT",0
259,"LEON FATOUS",0,"LEON FATOUS",0,"LEON FATOUS",0,"LEON FATOUS",0
260,"LOUIS ALTHAPE",0,"LOUIS ALTHAPE",0,"LOUIS ALTHAPE",0,"LOUIS ALTHAPE",0
261,"LOUIS BOYER",0,"LOUIS BOYER",0,"LOUIS BOYER",0,"LOUIS BOYER",0
262,"LOUIS MERCIER",0,"LOUIS MERCIER",0,"LOUIS MERCIER",0,"LOUIS MERCIER",0
263,"LOUIS MOINARD",0,"LOUIS MOINARD",0,"LOUIS MOINARD",0,"LOUIS MOINARD",0
264,"LOUIS PERREIN",0,"LOUIS PERREIN",0,"LOUIS PERREIN",0,"LOUIS PERREIN",0
265,"LOUIS PHILIBERT",0,"LOUIS PHILIBERT",0,"LOUIS PHILIBERT",0,"LOUIS PHILIBERT",0
266,"LUC DEJOIE",0,"LUC DEJOIE",0,"LUC DEJOIE",0,"LUC DEJOIE",0
267,"LUCETTE MICHAUX CHEVRY",0,"LUCETTE MICHAUX CHEVRY",0,"LUCETTE MICHAUX CHEVRY",0,"LUCETTE MICHAUX CHEVRY",0
268,"LUCIEN LANIER",0,"LUCIEN LANIER",0,"LUCIEN LANIER",0,"LUCIEN LANIER",0
269,"LUCIEN NEUWIRTH",0,"LUCIEN NEUWIRTH",0,"LUCIEN NEUWIRTH",0,"LUCIEN NEUWIRTH",0
270,"MARC LAURIOL",0,"MARC LAURIOL",0,"MARC LAURIOL",0,"MARC LAURIOL",0
271,"MARC MASSION",0,"MARC MASSION",0,"MARC MASSION",0,"MARC MASSION",0
272,"MARCEL CHARMANT",0,"MARCEL CHARMANT",0,"MARCEL CHARMANT",0,"MARCEL CHARMANT",0
273,"MARCEL DAUNAY",0,"MARCEL DAUNAY",0,"MARCEL DAUNAY",0,"MARCEL DAUNAY",0
274,"MARCEL DEBARGE",0,"MARCEL DEBARGE",0,"MARCEL DEBARGE",0,"MARCEL DEBARGE",0
275,"MARCEL DENEUX",0,"MARCEL DENEUX",0,"MARCEL DENEUX",0,"MARCEL DENEUX",0
276,"MARCEL LESBROS",0,"MARCEL LESBROS",0,"MARCEL LESBROS",0,"MARCEL LESBROS",0
277,"MARCEL PIERRE CLEACH",0,"MARCEL PIERRE CLEACH",0,"MARCEL PIERRE CLEACH",0,"MARCEL PIERRE CLEACH",0
278,"MARCEL VIDAL",0,"MARCEL VIDAL",0,"MARCEL VIDAL",0,"MARCEL VIDAL",0
279,"MARIE MADELEINE DIEULANGARD",0,"MARIE MADELEINE DIEULANGARD",0,"MARIE MADELEINE DIEULANGARD",0,"MARIE MADELEINE DIEULANGARD",0
280,"MAURICE LOMBARD",0,"MAURICE LOMBARD",0,"MAURICE LOMBARD",0,"MAURICE LOMBARD",0
281,"MAURICE SCHUMANN",0,"MAURICE SCHUMANN",0,"MAURICE SCHUMANN",0,"MAURICE SCHUMANN",0
282,"MAX MAREST",0,"MAX MAREST",0,"MAX MAREST",0,"MAX MAREST",0
283,"MICHEL BECOT",0,"MICHEL BECOT",0,"MICHEL BECOT",0,"MICHEL BECOT",0
284,"MICHEL CALDAGUES",0,"MICHEL CALDAGUES",0,"MICHEL CALDAGUES",0,"MICHEL CALDAGUES",0
285,"MICHEL CHARZAT",0,"MICHEL CHARZAT",0,"MICHEL CHARZAT",0,"MICHEL CHARZAT",0
286,"MICHEL DOUBLET",0,"MICHEL DOUBLET",0,"MICHEL DOUBLET",0,"MICHEL DOUBLET",0
287,"MICHEL MANET",0,"MICHEL MANET",0,"MICHEL MANET",0,"MICHEL MANET",0
288,"MICHEL MAURICE BOKANOWSKI",0,"MICHEL MAURICE BOKANOWSKI",0,"MICHEL MAURICE BOKANOWSKI",0,"MICHEL MAURICE BOKANOWSKI",0
289,"MICHEL PELCHAT",0,"MICHEL PELCHAT",0,"MICHEL PELCHAT",0,"MICHEL PELCHAT",0
290,"MICHEL ROCARD",0,"MICHEL ROCARD",0,"MICHEL ROCARD",0,"MICHEL ROCARD",0
291,"MICHEL RUFIN",0,"MICHEL RUFIN",0,"MICHEL RUFIN",0,"MICHEL RUFIN",0
292,"MICHEL SERGENT",0,"MICHEL SERGENT",0,"MICHEL SERGENT",0,"MICHEL SERGENT",0
293,"MICHEL SOUPLET",0,"MICHEL SOUPLET",0,"MICHEL SOUPLET",0,"MICHEL SOUPLET",0
294,"NELLY OLIN",0,"NELLY OLIN",0,"NELLY OLIN",0,"NELLY OLIN",0
295,"NELLY RODI",0,"NELLY RODI",0,"NELLY RODI",0,"NELLY RODI",0
296,"NICOLE BORVO COHEN SEAT",0,"NICOLE BORVO COHEN SEAT",0,"NICOLE BORVO COHEN SEAT",0,"NICOLE BORVO COHEN SEAT",0
297,"PAUL BLANC",0,"PAUL BLANC",0,"PAUL BLANC",0,"PAUL BLANC",0
298,"PAUL GIROD",0,"PAUL GIROD",0,"PAUL GIROD",0,"PAUL GIROD",0
299,"PAUL MASSON",0,"PAUL MASSON",0,"PAUL MASSON",0,"PAUL MASSON",0
300,"PAUL MOREAU",0,"PAUL MOREAU",0,"PAUL MOREAU",0,"PAUL MOREAU",0
301,"PAUL ORNANO",0,"PAUL ORNANO",0,"PAUL ORNANO",0,"PAUL ORNANO",0
302,"PAUL RAOULT",0,"PAUL RAOULT",0,"PAUL RAOULT",0,"PAUL RAOULT",0
303,"PAULETTE BRISEPIERRE",0,"PAULETTE BRISEPIERRE",0,"PAULETTE BRISEPIERRE",0,"PAULETTE BRISEPIERRE",0
304,"PAULETTE FOST",0,"PAULETTE FOST",0,"PAULETTE FOST",0,"PAULETTE FOST",0
305,"PHILIPPE ADNOT",0,"PHILIPPE ADNOT",0,"PHILIPPE ADNOT",0,"PHILIPPE ADNOT",0
306,"PHILIPPE FRANCOIS",0,"PHILIPPE FRANCOIS",0,"PHILIPPE FRANCOIS",0,"PHILIPPE FRANCOIS",0
307,"PHILIPPE GAULLE",0,"PHILIPPE GAULLE",0,"PHILIPPE GAULLE",0,"PHILIPPE GAULLE",0
308,"PHILIPPE LABEYRIE",0,"PHILIPPE LABEYRIE",0,"PHILIPPE LABEYRIE",0,"PHILIPPE LABEYRIE",0
309,"PHILIPPE MADRELLE",0,"PHILIPPE MADRELLE",0,"PHILIPPE MADRELLE",0,"PHILIPPE MADRELLE",0
310,"PHILIPPE NACHBAR",0,"PHILIPPE NACHBAR",0,"PHILIPPE NACHBAR",0,"PHILIPPE NACHBAR",0
311,"PIERRE CHRISTIAN TAITTINGER",0,"PIERRE CHRISTIAN TAITTINGER",0,"PIERRE CHRISTIAN TAITTINGER",0,"PIERRE CHRISTIAN TAITTINGER",0
312,"PIERRE CROZE",0,"PIERRE CROZE",0,"PIERRE CROZE",0,"PIERRE CROZE",0
313,"PIERRE FAUCHON",0,"PIERRE FAUCHON",0,"PIERRE FAUCHON",0,"PIERRE FAUCHON",0
314,"PIERRE HERISSON",0,"PIERRE HERISSON",0,"PIERRE HERISSON",0,"PIERRE HERISSON",0
315,"PIERRE JEAMBRUN",0,"PIERRE JEAMBRUN",0,"PIERRE JEAMBRUN",0,"PIERRE JEAMBRUN",0
316,"PIERRE LACOUR",0,"PIERRE LACOUR",0,"PIERRE LACOUR",0,"PIERRE LACOUR",0
317,"PIERRE LOUVOT",0,"PIERRE LOUVOT",0,"PIERRE LOUVOT",0,"PIERRE LOUVOT",0
318,"PIERRE MARTIN",0,"PIERRE MARTIN",0,"PIERRE MARTIN",0,"PIERRE MARTIN",0
319,"PIERRE MAUROY",0,"PIERRE MAUROY",0,"PIERRE MAUROY",0,"PIERRE MAUROY",0
320,"RAYMOND COURRIERE",0,"RAYMOND COURRIERE",0,"RAYMOND COURRIERE",0,"RAYMOND COURRIERE",0
321,"RAYMOND SOUCARET",0,"RAYMOND SOUCARET",0,"RAYMOND SOUCARET",0,"RAYMOND SOUCARET",0
322,"REGIS PLOTON",0,"REGIS PLOTON",0,"REGIS PLOTON",0,"REGIS PLOTON",0
323,"REMI HERMENT",0,"REMI HERMENT",0,"REMI HERMENT",0,"REMI HERMENT",0
324,"RENE BALLAYER",0,"RENE BALLAYER",0,"RENE BALLAYER",0,"RENE BALLAYER",0
325,"RENE GEORGES LAURIN",0,"RENE GEORGES LAURIN",0,"RENE GEORGES LAURIN",0,"RENE GEORGES LAURIN",0
326,"RENE MARQUES",0,"RENE MARQUES",0,"RENE MARQUES",0,"RENE MARQUES",0
327,"RENE MONORY",0,"RENE MONORY",0,"RENE MONORY",0,"RENE MONORY",0
328,"RENE PIERRE SIGNE",0,"RENE PIERRE SIGNE",0,"RENE PIERRE SIGNE",0,"RENE PIERRE SIGNE",0
329,"RENE ROUQUET",0,"RENE ROUQUET",0,"RENE ROUQUET",0,"RENE ROUQUET",0
330,"ROBERT BADINTER",0,"ROBERT BADINTER",0,"ROBERT BADINTER",0,"ROBERT BADINTER",0
331,"ROBERT CALMEJANE",0,"ROBERT CALMEJANE",0,"ROBERT CALMEJANE",0,"ROBERT CALMEJANE",0
332,"ROBERT CASTAING",0,"ROBERT CASTAING",0,"ROBERT CASTAING",0,"ROBERT CASTAING",0
333,"ROBERT LAUCOURNET",0,"ROBERT LAUCOURNET",0,"ROBERT LAUCOURNET",0,"ROBERT LAUCOURNET",0
334,"RODOLPHE DESIRE",0,"RODOLPHE DESIRE",0,"RODOLPHE DESIRE",0,"RODOLPHE DESIRE",0
335,"ROGER FOSSE",0,"ROGER FOSSE",0,"ROGER FOSSE",0,"ROGER FOSSE",0
336,"ROGER HUSSON",0,"ROGER HUSSON",0,"ROGER HUSSON",0,"ROGER HUSSON",0
337,"ROGER LISE",0,"ROGER LISE",0,"ROGER LISE",0,"ROGER LISE",0
338,"ROGER QUILLIOT",0,"ROGER QUILLIOT",0,"ROGER QUILLIOT",0,"ROGER QUILLIOT",0
339,"ROGER RIGAUDIERE",0,"ROGER RIGAUDIERE",0,"ROGER RIGAUDIERE",0,"ROGER RIGAUDIERE",0
340,"ROGER RINCHET",0,"ROGER RINCHET",0,"ROGER RINCHET",0,"ROGER RINCHET",0
341,"ROLAND BERNARD",0,"ROLAND BERNARD",0,"ROLAND BERNARD",0,"ROLAND BERNARD",0
342,"ROLAND HUGUET",0,"ROLAND HUGUET",0,"ROLAND HUGUET",0,"ROLAND HUGUET",0
343,"ROLAND LUART",0,"ROLAND LUART",0,"ROLAND LUART",0,"ROLAND LUART",0
344,"SERGE FRANCHIS",0,"SERGE FRANCHIS",0,"SERGE FRANCHIS",0,"SERGE FRANCHIS",0
345,"SIMON LOUECKHOTE",0,"SIMON LOUECKHOTE",0,"SIMON LOUECKHOTE",0,"SIMON LOUECKHOTE",0
346,"VICTOR REUX",0,"VICTOR REUX",0,"VICTOR REUX",0,"VICTOR REUX",0
347,"WILLIAM CHERVY",0,"WILLIAM CHERVY",0,"WILLIAM CHERVY",0,"WILLIAM CHERVY",0
348,"XAVIER VILLEPIN",0,"XAVIER VILLEPIN",0,"XAVIER VILLEPIN",0,"XAVIER VILLEPIN",0
349,"YANN GAILLARD",0,"YANN GAILLARD",0,"YANN GAILLARD",0,"YANN GAILLARD",0
